sop_tier,sop_name,policy_name,confidence,review
educator,Active Supervision,Supervision Policy,asserted_in_inventory,
educator,Arrival & Departure Safety Procedures,Arrival and Departure,asserted_in_inventory,
educator,Conduct Professional Boundaries & Digital Devices,Code of Conduct,asserted_in_inventory,
educator,Conduct Professional Boundaries & Digital Devices,Mobile Phones and Personal Electronic Devices Policy,asserted_in_inventory,
educator,Daily Educator Jobs,Staffing Arrangements,asserted_in_inventory,
educator,Engagement with the Program and Practice Expectations,Educational Program Policy,asserted_in_inventory,
educator,Headcounts & Maintaining Ratios,Supervision Policy,asserted_in_inventory,
educator,Headcounts & Maintaining Ratios,Staffing Arrangements,asserted_in_inventory,
educator,Managing Illnesses and Injuries,Incident Injury Trauma and Illness Policy,asserted_in_inventory,
educator,Managing Illnesses and Injuries,Sick Children Policy,asserted_in_inventory,
educator,Nappy Changing and Toilet Training,Nappy Change Toileting,asserted_in_inventory,
educator,Raising Concerns Hazards & Practice Issues,Complaints and Feedback Policy,asserted_in_inventory,
educator,Sleep Rest & Quiet Supervision,Sleep and Rest Policy,asserted_in_inventory,
educator,Confidentiality & Privacy,Health and Safety Policy,asserted_in_inventory,
educator,Confidentiality & Privacy,CCTV Policy,asserted_in_inventory,
educator,Infection Control & Hygiene,Hand Washing Policy,asserted_in_inventory,
educator,Infection Control & Hygiene,Immunisation,asserted_in_inventory,
educator,Learning Environment Set-Up & Pack-Down,Health and Safety Policy,asserted_in_inventory,
educator,Leave and Absenteeism,Staff Leave Entitlement,asserted_in_inventory,
educator,Mealtimes & Nutrition Support,Nutrition and Oral Health Policy,asserted_in_inventory,
educator,Medication Handling and Administration,Administration of Medication,asserted_in_inventory,
educator,Medication Handling and Administration,Administration of First Aid,asserted_in_inventory,
educator,Outdoor Play Safety & Risk,Adventurous Risky Nature Play Policy,asserted_in_inventory,
educator,Outdoor Play Safety & Risk,RSG Active Play Policy,asserted_in_inventory,
educator,Outdoor Play Safety & Risk,UV Sun Safety,asserted_in_inventory,
educator,Outdoor Play Safety & Risk,Water Safety,asserted_in_inventory,
educator,Redirecting and Emotion Coaching,Behaviour Policy,asserted_in_inventory,
educator,Coaching Observation & Reflective Practice,Professional Development,asserted_in_inventory,
educator,Communication with Families,Family Communication,asserted_in_inventory,
educator,Cultural Partnerships,Multicultural Policy,asserted_in_inventory,
educator,Inclusion & Fair Access in Daily Practice,Interactions with Children Families and Staff,asserted_in_inventory,
educator,Learning Stories and Daily Posts,Educational Program Policy,asserted_in_inventory,
educator,Storage: Office Sheds and Storerooms,Safe Storage of Hazardous Chemicals,asserted_in_inventory,
educator,Transitions,Educational Program Policy,asserted_in_inventory,
educator,Transitions,Transition School Policy,asserted_in_inventory,
educator,Psychosocial Hazard Identification and Review,Psychosocial Hazard Policy,asserted_in_inventory,
educator,Responding to and Preventing Sexual Harassment,Sexual Harassment Prevention and Positive Duty Policy,asserted_in_inventory,
educator,Staff Grievance and Dispute Resolution,Staff Grievance and Dispute Resolution Policy,asserted_in_inventory,
educator,Bullying and Harassment - Staff to Staff,Bullying and Harassment Policy,asserted_in_inventory,
educator,Bushfire Response,Bush Fire Policy,asserted_in_inventory,
educator,Managing an Aggressive Person or Visitor,Managing an Aggressive Person or Visitor Policy,asserted_in_inventory,
educator,Anaphylaxis Response,Anaphylaxis Management,asserted_in_inventory,
educator,Bottle and Breast Milk Preparation,Bottle Safety Preparation,asserted_in_inventory,
educator,Bottle and Breast Milk Preparation,Breast Milk Preparation Procedure,asserted_in_inventory,
educator,Child Protection and Reportable Conduct - Educator Level,Child Safe Environment,asserted_in_inventory,
educator,Child Protection and Reportable Conduct - Educator Level,Statement of Safety to Child Commitment,asserted_in_inventory,
educator,Manual Handling,Manual Handling Policy,asserted_in_inventory,
educator,Adverse Weather Response,Adverse Weather Policy,asserted_in_inventory,
educator,Site Emergency and Disaster Response,Disaster Plan Mortlake,asserted_in_inventory,
educator,Site Emergency and Disaster Response,Disaster Plan Timboon,asserted_in_inventory,
educator,Students Volunteers and Visitors,Student Volunteers and Visitors Policy,asserted_in_inventory,
educator,Handling a Family Complaint,Complaints and Feedback Policy,asserted_in_inventory,
educator,Handling a Family Complaint,Procedure for Dealing with Complaints,asserted_in_inventory,
educator,UV and Sun Safety,UV Sun Safety,asserted_in_inventory,
educator,Water Safety,Water Safety,asserted_in_inventory,
educator,Right to Disconnect,Right to Disconnect Policy,asserted_in_inventory,
